<?xml version="1.0" encoding="UTF-8"?>
<project-private xmlns="http://www.netbeans.org/ns/project-private/1">
    <editor-bookmarks xmlns="http://www.netbeans.org/ns/editor-bookmarks/2" lastBookmarkId="0"/>
    <open-files xmlns="http://www.netbeans.org/ns/projectui-open-files/2">
        <group>
            <file>file:/C:/Users/lion/Documents/NetBeansProjects/PharmacyJava/src/pharmacyjava/PharmacyJava.java</file>
            <file>file:/C:/Users/lion/Documents/NetBeansProjects/PharmacyJava/src/pharmacyjava/Medicine.java</file>
            <file>file:/C:/Users/lion/Documents/NetBeansProjects/PharmacyJava/src/pharmacyjava/Company.java</file>
            <file>file:/C:/Users/lion/Documents/NetBeansProjects/PharmacyJava/src/pharmacyjava/Login.java</file>
            <file>file:/C:/Users/lion/Documents/NetBeansProjects/PharmacyJava/src/pharmacyjava/Agents.java</file>
            <file>file:/C:/Users/lion/Documents/NetBeansProjects/PharmacyJava/src/pharmacyjava/Splash.java</file>
        </group>
    </open-files>
</project-private>
